code,parent_code,name,level
A,,ALIMENTARY TRACT AND METABOLISM DRUGS,1.0
B,,BLOOD AND BLOOD FORMING ORGAN DRUGS,1.0
C,,CARDIOVASCULAR SYSTEM DRUGS,1.0
D,,DERMATOLOGICALS,1.0
G,,GENITO URINARY SYSTEM AND SEX HORMONES,1.0
H,,"SYSTEMIC HORMONAL PREPARATIONS, EXCL. SEX HORMONES AND INSULINS",1.0
J,,ANTIINFECTIVES FOR SYSTEMIC USE,1.0
L,,ANTINEOPLASTIC AND IMMUNOMODULATING AGENTS,1.0
M,,MUSCULO-SKELETAL SYSTEM DRUGS,1.0
N,,NERVOUS SYSTEM DRUGS,1.0
P,,"ANTIPARASITIC PRODUCTS, INSECTICIDES AND REPELLENTS",1.0
R,,RESPIRATORY SYSTEM DRUGS,1.0
S,,SENSORY ORGAN DRUGS,1.0
V,,VARIOUS DRUG CLASSES IN ATC,1.0
A01,A,STOMATOLOGICAL PREPARATIONS,2.0
A02,A,DRUGS FOR ACID RELATED DISORDERS,2.0
A03,A,DRUGS FOR FUNCTIONAL GASTROINTESTINAL DISORDERS,2.0
A04,A,ANTIEMETICS AND ANTINAUSEANTS,2.0
A05,A,BILE AND LIVER THERAPY DRUGS,2.0
A06,A,DRUGS FOR CONSTIPATION,2.0
A07,A,"ANTIDIARRHEALS, INTESTINAL ANTIINFLAMMATORY/ANTIINFECTIVE AGENTS",2.0
A08,A,"ANTIOBESITY PREPARATIONS, EXCL. DIET PRODUCTS",2.0
A09,A,"DIGESTIVES, INCL. ENZYMES",2.0
A10,A,DRUGS USED IN DIABETES,2.0
A11,A,VITAMINS,2.0
A12,A,MINERAL SUPPLEMENTS,2.0
A13,A,TONICS,2.0
A14,A,ANABOLIC AGENTS FOR SYSTEMIC USE,2.0
A15,A,APPETITE STIMULANTS,2.0
A16,A,OTHER ALIMENTARY TRACT AND METABOLISM PRODUCTS in ATC,2.0
B01,B,ANTITHROMBOTIC AGENTS,2.0
B02,B,ANTIHEMORRHAGICS,2.0
B03,B,ANTIANEMIC PREPARATIONS,2.0
B05,B,BLOOD SUBSTITUTES AND PERFUSION SOLUTIONS,2.0
B06,B,OTHER HEMATOLOGICAL AGENTS in ATC,2.0
C01,C,CARDIAC THERAPY DRUGS,2.0
C02,C,ANTIHYPERTENSIVES,2.0
C03,C,DIURETICS,2.0
C04,C,PERIPHERAL VASODILATORS,2.0
C05,C,VASOPROTECTIVES,2.0
C07,C,beta-Adrenergic Blocking Agents,2.0
C08,C,CALCIUM CHANNEL BLOCKERS,2.0
C09,C,AGENTS ACTING ON THE RENIN-ANGIOTENSIN SYSTEM,2.0
C10,C,LIPID MODIFYING AGENTS,2.0
D01,D,ANTIFUNGALS FOR DERMATOLOGICAL USE,2.0
D02,D,EMOLLIENTS AND PROTECTIVES,2.0
D03,D,PREPARATIONS FOR TREATMENT OF WOUNDS AND ULCERS,2.0
D04,D,"ANTIPRURITICS, INCL. ANTIHISTAMINES, ANESTHETICS, ETC.",2.0
D05,D,ANTIPSORIATICS,2.0
D06,D,ANTIBIOTICS AND CHEMOTHERAPEUTICS FOR DERMATOLOGICAL USE,2.0
D07,D,"CORTICOSTEROIDS, DERMATOLOGICAL PREPARATIONS",2.0
D08,D,ANTISEPTICS AND DISINFECTANTS,2.0
D09,D,MEDICATED DRESSINGS,2.0
D10,D,ANTI-ACNE PREPARATIONS,2.0
D11,D,OTHER DERMATOLOGICAL PREPARATIONS in ATC,2.0
G01,G,GYNECOLOGICAL ANTIINFECTIVES AND ANTISEPTICS,2.0
G02,G,OTHER GYNECOLOGICALS in ATC,2.0
G03,G,SEX HORMONES AND MODULATORS OF THE GENITAL SYSTEM,2.0
G04,G,UROLOGICALS,2.0
H01,H,PITUITARY AND HYPOTHALAMIC HORMONES AND ANALOGUES,2.0
H02,H,CORTICOSTEROIDS FOR SYSTEMIC USE,2.0
H03,H,THYROID THERAPY DRUGS,2.0
H04,H,PANCREATIC HORMONES,2.0
H05,H,CALCIUM HOMEOSTASIS,2.0
J01,J,ANTIBACTERIALS FOR SYSTEMIC USE,2.0
J02,J,ANTIMYCOTICS FOR SYSTEMIC USE,2.0
J04,J,ANTIMYCOBACTERIALS,2.0
J05,J,ANTIVIRALS FOR SYSTEMIC USE,2.0
J06,J,IMMUNE SERA AND IMMUNOGLOBULINS,2.0
J07,J,VACCINES,2.0
L01,L,ANTINEOPLASTIC AGENTS,2.0
L02,L,ENDOCRINE THERAPY ANTINEOPLASTIC AND IMMUNOMODULATING AGENTS,2.0
L03,L,IMMUNOSTIMULANTS,2.0
L04,L,IMMUNOSUPPRESSANTS,2.0
M01,M,ANTIINFLAMMATORY AND ANTIRHEUMATIC PRODUCTS,2.0
M02,M,TOPICAL PRODUCTS FOR JOINT AND MUSCULAR PAIN,2.0
M03,M,MUSCLE RELAXANTS,2.0
M04,M,ANTIGOUT PREPARATIONS,2.0
M05,M,DRUGS FOR TREATMENT OF BONE DISEASES,2.0
M09,M,OTHER DRUGS FOR DISORDERS OF THE MUSCULO-SKELETAL SYSTEM in ATC,2.0
N01,N,ANESTHETICS,2.0
N02,N,ANALGESICS,2.0
N03,N,ANTIEPILEPTICS,2.0
N04,N,ANTI-PARKINSON DRUGS,2.0
N05,N,PSYCHOLEPTICS,2.0
N06,N,PSYCHOANALEPTICS,2.0
N07,N,OTHER NERVOUS SYSTEM DRUGS in ATC,2.0
P01,P,ANTIPROTOZOALS,2.0
P02,P,ANTHELMINTICS,2.0
P03,P,"ECTOPARASITICIDES, INCL. SCABICIDES, INSECTICIDES AND REPELLENTS",2.0
R01,R,NASAL PREPARATIONS,2.0
R02,R,THROAT PREPARATIONS,2.0
R03,R,DRUGS FOR OBSTRUCTIVE AIRWAY DISEASES,2.0
R05,R,COUGH AND COLD PREPARATIONS,2.0
R06,R,ANTIHISTAMINES FOR SYSTEMIC USE,2.0
R07,R,OTHER RESPIRATORY SYSTEM PRODUCTS in ATC,2.0
S01,S,OPHTHALMOLOGICALS,2.0
S02,S,OTOLOGICALS,2.0
S03,S,OPHTHALMOLOGICAL AND OTOLOGICAL PREPARATIONS,2.0
V01,V,ALLERGENS,2.0
V03,V,ALL OTHER THERAPEUTIC PRODUCTS,2.0
V04,V,DIAGNOSTIC AGENTS,2.0
V06,V,GENERAL NUTRIENTS,2.0
V07,V,ALL OTHER NON-THERAPEUTIC PRODUCTS,2.0
V08,V,CONTRAST MEDIA,2.0
V09,V,DIAGNOSTIC RADIOPHARMACEUTICALS,2.0
V10,V,THERAPEUTIC RADIOPHARMACEUTICALS,2.0
V20,V,SURGICAL DRESSINGS,2.0
A01A,A01,STOMATOLOGICAL PREPARATIONS,3.0
A02A,A02,ANTACIDS,3.0
A02B,A02,DRUGS FOR PEPTIC ULCER AND GASTRO-OESOPHAGEAL REFLUX DISEASE (GORD),3.0
A02X,A02,OTHER DRUGS FOR ACID RELATED DISORDERS in ATC,3.0
A03A,A03,DRUGS FOR FUNCTIONAL GASTROINTESTINAL DISORDERS,3.0
A03B,A03,"BELLADONNA AND DERIVATIVES CONTAINING DRUGS, PLAIN FOR FUNCTIONAL GASTROINTESTINAL DISORDERS",3.0
A03C,A03,ANTISPASMODICS IN COMBINATION WITH PSYCHOLEPTICS,3.0
A03D,A03,ANTISPASMODICS IN COMBINATION WITH ANALGESICS,3.0
A03E,A03,ANTISPASMODICS AND ANTICHOLINERGICS IN COMBINATION WITH OTHER DRUGS,3.0
A03F,A03,PROPULSIVES,3.0
A04A,A04,ANTIEMETICS AND ANTINAUSEANTS,3.0
A05A,A05,BILE THERAPY DRUGS,3.0
A05B,A05,"LIVER THERAPY, LIPOTROPICS",3.0
A05C,A05,DRUGS FOR BILE THERAPY AND LIPOTROPICS IN COMBINATION,3.0
A06A,A06,DRUGS FOR CONSTIPATION,3.0
A07A,A07,INTESTINAL ANTIINFECTIVES,3.0
A07B,A07,INTESTINAL ADSORBENTS,3.0
A07C,A07,"ELECTROLYTES WITH CARBOHYDRATES, ANTIDIARRHEALS, INTESTINAL ANTIINFLAMMATORY/ANTIINFECTIVE AGENTS",3.0
A07D,A07,ANTIPROPULSIVES,3.0
A07E,A07,INTESTINAL ANTIINFLAMMATORY AGENTS,3.0
A07F,A07,ANTIDIARRHEAL MICROORGANISMS,3.0
A07X,A07,OTHER ANTIDIARRHEALS in ATC,3.0
A08A,A08,"ANTIOBESITY PREPARATIONS, EXCL. DIET PRODUCTS",3.0
A09A,A09,"DIGESTIVES, INCL. ENZYMES",3.0
A10A,A10,INSULINS AND ANALOGUES,3.0
A10B,A10,"BLOOD GLUCOSE LOWERING DRUGS, EXCL. INSULINS",3.0
A10X,A10,OTHER DRUGS USED IN DIABETES in ATC,3.0
A11A,A11,"MULTIVITAMINS, COMBINATIONS",3.0
A11B,A11,"MULTIVITAMINS, PLAIN",3.0
A11C,A11,"VITAMIN A AND D, INCL. COMBINATIONS OF THE TWO",3.0
A11D,A11,"VITAMIN B<n>1</n>, PLAIN AND IN COMBINATION WITH VITAMIN B<n>6</n> AND B<n>12</n>",3.0
A11E,A11,"VITAMIN B-COMPLEX, INCL. COMBINATIONS",3.0
A11G,A11,"ASCORBIC ACID (VITAMIN C), INCL. COMBINATIONS",3.0
A11H,A11,OTHER PLAIN VITAMIN PREPARATIONS in ATC,3.0
A11J,A11,"OTHER VITAMIN PRODUCTS, COMBINATIONS in ATC",3.0
A12A,A12,CALCIUM SUPPLEMENTS,3.0
A12B,A12,POTASSIUM SUPPLEMENTS,3.0
A12C,A12,OTHER MINERAL SUPPLEMENTS in ATC,3.0
A13A,A13,TONICS,3.0
A14A,A14,ANABOLIC STEROIDS,3.0
A14B,A14,OTHER ANABOLIC AGENTS in ATC,3.0
A16A,A16,OTHER ALIMENTARY TRACT AND METABOLISM PRODUCTS in ATC,3.0
B01A,B01,ANTITHROMBOTIC AGENTS,3.0
B02A,B02,ANTIFIBRINOLYTICS,3.0
B02B,B02,VITAMIN K AND OTHER HEMOSTATICS,3.0
B03A,B03,IRON ANTIANEMIC PREPARATIONS,3.0
B03B,B03,VITAMIN B12 AND FOLIC ACID,3.0
B03X,B03,OTHER ANTIANEMIC PREPARATIONS in ATC,3.0
B05A,B05,BLOOD AND RELATED PRODUCTS,3.0
B05B,B05,"IV solutions used in parenteral administration of fluids, electrolytes and nutrients",3.0
B05C,B05,"IRRIGATING SOLUTIONS, BLOOD SUBSTITUTES AND PERFUSION",3.0
B05D,B05,PERITONEAL DIALYTICS,3.0
B05X,B05,I.V. SOLUTION ADDITIVES,3.0
B05Z,B05,HEMODIALYTICS AND HEMOFILTRATES,3.0
B06A,B06,OTHER HEMATOLOGICAL AGENTS in ATC,3.0
C01A,C01,CARDIAC GLYCOSIDES,3.0
C01B,C01,"ANTIARRHYTHMICS, CLASS I AND III",3.0
C01C,C01,CARDIAC STIMULANTS EXCL. CARDIAC GLYCOSIDES,3.0
C01D,C01,VASODILATORS USED IN CARDIAC DISEASES,3.0
C01E,C01,OTHER CARDIAC PREPARATIONS in ATC,3.0
C02A,C02,"ANTIADRENERGIC AGENTS, CENTRALLY ACTING",3.0
C02B,C02,"ANTIADRENERGIC AGENTS, GANGLION-BLOCKING",3.0
C02C,C02,"ANTIADRENERGIC AGENTS, PERIPHERALLY ACTING",3.0
C02D,C02,"ARTERIOLAR SMOOTH MUSCLE, AGENTS ACTING ON",3.0
C02K,C02,OTHER ANTIHYPERTENSIVES in ATC,3.0
C02L,C02,ANTIHYPERTENSIVES AND DIURETICS IN COMBINATION,3.0
C02N,C02,COMBINATIONS OF ANTIHYPERTENSIVES IN ATC-GR. C02,3.0
C03A,C03,"LOW-CEILING DIURETICS, THIAZIDES",3.0
C03B,C03,"LOW-CEILING DIURETICS, EXCL. THIAZIDES",3.0
C03C,C03,HIGH-CEILING DIURETICS,3.0
C03D,C03,POTASSIUM-SPARING DIURETICS,3.0
C03E,C03,DIURETICS AND POTASSIUM-SPARING AGENTS IN COMBINATION,3.0
C03X,C03,OTHER DIURETICS in ATC,3.0
C04A,C04,PERIPHERAL VASODILATORS,3.0
C05A,C05,AGENTS FOR TREATMENT OF HEMORRHOIDS AND ANAL FISSURES FOR TOPICAL USE,3.0
C05B,C05,ANTIVARICOSE THERAPY DRUGS,3.0
C05C,C05,CAPILLARY STABILIZING AGENTS,3.0
C07A,C07,BETA BLOCKING AGENTS,3.0
C07B,C07,BETA BLOCKING AGENTS AND THIAZIDES,3.0
C07C,C07,BETA BLOCKING AGENTS AND OTHER DIURETICS,3.0
C07D,C07,"BETA BLOCKING AGENTS, THIAZIDES AND OTHER DIURETICS",3.0
C07E,C07,BETA BLOCKING AGENTS AND VASODILATORS,3.0
C07F,C07,"BETA BLOCKING AGENTS, OTHER COMBINATIONS",3.0
C08C,C08,SELECTIVE CALCIUM CHANNEL BLOCKERS WITH MAINLY VASCULAR EFFECTS,3.0
C08D,C08,SELECTIVE CALCIUM CHANNEL BLOCKERS WITH DIRECT CARDIAC EFFECTS,3.0
C08E,C08,NON-SELECTIVE CALCIUM CHANNEL BLOCKERS,3.0
C08G,C08,CALCIUM CHANNEL BLOCKERS AND DIURETICS,3.0
C09A,C09,"ACE INHIBITORS, PLAIN",3.0
C09B,C09,"ACE INHIBITORS, COMBINATIONS",3.0
C09C,C09,"ANGIOTENSIN II RECEPTOR BLOCKERS (ARBs), PLAIN",3.0
C09D,C09,"ANGIOTENSIN II RECEPTOR BLOCKERS (ARBs), COMBINATIONS",3.0
C09X,C09,OTHER AGENTS ACTING ON THE RENIN-ANGIOTENSIN SYSTEM in ATC,3.0
C10A,C10,"LIPID MODIFYING AGENTS, PLAIN",3.0
C10B,C10,"LIPID MODIFYING AGENTS, COMBINATIONS",3.0
D01A,D01,ANTIFUNGALS FOR TOPICAL USE,3.0
D01B,D01,ANTIFUNGALS FOR SYSTEMIC USE,3.0
D02A,D02,EMOLLIENTS AND PROTECTIVES,3.0
D02B,D02,PROTECTIVES AGAINST UV-RADIATION,3.0
D03A,D03,CICATRIZANTS,3.0
D03B,D03,ENZYMES FOR TREATMENT OF WOUNDS AND ULCERS,3.0
D04A,D04,"ANTIPRURITICS, INCL. ANTIHISTAMINES, ANESTHETICS, ETC.",3.0
D05A,D05,ANTIPSORIATICS FOR TOPICAL USE,3.0
D05B,D05,ANTIPSORIATICS FOR SYSTEMIC USE,3.0
D06A,D06,ANTIBIOTICS FOR TOPICAL USE,3.0
D06B,D06,CHEMOTHERAPEUTICS FOR TOPICAL USE,3.0
D06C,D06,"ANTIBIOTICS AND CHEMOTHERAPEUTICS, COMBINATIONS",3.0
D07A,D07,"CORTICOSTEROID DERMATOLOGICAL PREPARATIONS, PLAIN",3.0
D07B,D07,"CORTICOSTEROIDS, COMBINATIONS WITH ANTISEPTICS",3.0
D07C,D07,"CORTICOSTEROIDS, COMBINATIONS WITH ANTIBIOTICS",3.0
D07X,D07,"CORTICOSTEROIDS, OTHER COMBINATIONS",3.0
D08A,D08,ANTISEPTICS AND DISINFECTANTS,3.0
D09A,D09,MEDICATED DRESSINGS,3.0
D10A,D10,ANTI-ACNE PREPARATIONS FOR TOPICAL USE,3.0
D10B,D10,ANTI-ACNE PREPARATIONS FOR SYSTEMIC USE,3.0
D11A,D11,OTHER DERMATOLOGICAL PREPARATIONS in ATC,3.0
G01A,G01,"ANTIINFECTIVES AND ANTISEPTICS, EXCL. COMBINATIONS WITH CORTICOSTEROIDS",3.0
G01B,G01,ANTIINFECTIVES/ANTISEPTICS IN COMBINATION WITH CORTICOSTEROIDS,3.0
G02A,G02,UTEROTONICS,3.0
G02B,G02,CONTRACEPTIVES FOR TOPICAL USE,3.0
G02C,G02,OTHER GYNECOLOGICALS in ATC,3.0
G03A,G03,HORMONAL CONTRACEPTIVES FOR SYSTEMIC USE,3.0
G03B,G03,ANDROGENS,3.0
G03C,G03,"ESTROGENS, SEX HORMONES AND MODULATORS OF THE GENITAL SYSTEM",3.0
G03D,G03,PROGESTOGEN SEX HORMONES AND MODULATORS OF THE GENITAL SYSTEM,3.0
G03E,G03,ANDROGENS AND FEMALE SEX HORMONES IN COMBINATION,3.0
G03F,G03,PROGESTOGENS AND ESTROGENS IN COMBINATION,3.0
G03G,G03,GONADOTROPINS AND OTHER OVULATION STIMULANTS,3.0
G03H,G03,ANTIANDROGEN SEX HORMONES AND MODULATORS OF THE GENITAL SYSTEM,3.0
G03X,G03,OTHER SEX HORMONES AND MODULATORS OF THE GENITAL SYSTEM in ATC,3.0
G04B,G04,UROLOGICALS,3.0
G04C,G04,DRUGS USED IN BENIGN PROSTATIC HYPERTROPHY,3.0
H01A,H01,ANTERIOR PITUITARY LOBE HORMONES AND ANALOGUES,3.0
H01B,H01,POSTERIOR PITUITARY LOBE HORMONES,3.0
H01C,H01,HYPOTHALAMIC HORMONES,3.0
H02A,H02,"CORTICOSTEROIDS FOR SYSTEMIC USE, PLAIN",3.0
H02B,H02,"CORTICOSTEROIDS FOR SYSTEMIC USE, COMBINATIONS",3.0
H02C,H02,ANTIADRENAL PREPARATIONS,3.0
H03A,H03,THYROID PREPARATIONS,3.0
H03B,H03,ANTITHYROID PREPARATIONS,3.0
H03C,H03,IODINE THERAPY DRUGS,3.0
H04A,H04,GLYCOGENOLYTIC HORMONES,3.0
H05A,H05,PARATHYROID HORMONES AND ANALOGUES,3.0
H05B,H05,ANTI-PARATHYROID AGENTS,3.0
J01A,J01,Tetracycline antibiotics,3.0
J01B,J01,AMPHENICOLS,3.0
J01C,J01,"BETA-LACTAM ANTIBACTERIALS, PENICILLINS",3.0
J01D,J01,OTHER BETA-LACTAM ANTIBACTERIALS in ATC,3.0
J01E,J01,SULFONAMIDES AND TRIMETHOPRIM ANTIBACTERIALS FOR SYSTEMIC USE,3.0
J01F,J01,"MACROLIDES, LINCOSAMIDES AND STREPTOGRAMINS",3.0
J01G,J01,AMINOGLYCOSIDE ANTIBACTERIALS,3.0
J01M,J01,QUINOLONE ANTIBACTERIALS,3.0
J01R,J01,COMBINATIONS OF ANTIBACTERIALS,3.0
J01X,J01,OTHER ANTIBACTERIALS in ATC,3.0
J02A,J02,ANTIMYCOTICS FOR SYSTEMIC USE,3.0
J04A,J04,DRUGS FOR TREATMENT OF TUBERCULOSIS,3.0
J04B,J04,DRUGS FOR TREATMENT OF LEPRA,3.0
J05A,J05,DIRECT ACTING ANTIVIRALS,3.0
J06A,J06,IMMUNE SERA SYSTEMIC ANTIINFECTIVES,3.0
J06B,J06,IMMUNOGLOBULINS,3.0
J07A,J07,BACTERIAL VACCINES,3.0
J07B,J07,VIRAL VACCINES,3.0
J07C,J07,"BACTERIAL AND VIRAL VACCINES, COMBINED",3.0
J07X,J07,OTHER VACCINES in ATC,3.0
L01A,L01,ALKYLATING AGENTS,3.0
L01B,L01,ANTIMETABOLITES,3.0
L01C,L01,"PLANT ALKALOIDS AND OTHER NATURAL PRODUCTS, ANTINEOPLASTIC DRUGS",3.0
L01D,L01,CYTOTOXIC ANTIBIOTICS AND RELATED SUBSTANCES,3.0
L01E,L01,"PROTEIN KINASE INHIBITORS, ANTINEOPLASTIC AND IMMUNOMODULATING AGENTS",3.0
L01X,L01,OTHER ANTINEOPLASTIC AGENTS in ATC,3.0
L02A,L02,HORMONES AND RELATED AGENTS,3.0
L02B,L02,HORMONE ANTAGONISTS AND RELATED AGENTS,3.0
L03A,L03,IMMUNOSTIMULANTS,3.0
L04A,L04,IMMUNOSUPPRESSANTS,3.0
M01A,M01,"ANTIINFLAMMATORY AND ANTIRHEUMATIC PRODUCTS, NON-STEROIDS",3.0
M01B,M01,ANTIINFLAMMATORY/ANTIRHEUMATIC AGENTS IN COMBINATION,3.0
M01C,M01,SPECIFIC ANTIRHEUMATIC AGENTS,3.0
M02A,M02,TOPICAL PRODUCTS FOR JOINT AND MUSCULAR PAIN,3.0
M03A,M03,"MUSCLE RELAXANTS, PERIPHERALLY ACTING AGENTS",3.0
M03B,M03,"MUSCLE RELAXANTS, CENTRALLY ACTING AGENTS",3.0
M03C,M03,"MUSCLE RELAXANTS, DIRECTLY ACTING AGENTS",3.0
M04A,M04,ANTIGOUT PREPARATIONS,3.0
M05B,M05,DRUGS AFFECTING BONE STRUCTURE AND MINERALIZATION,3.0
M09A,M09,OTHER DRUGS FOR DISORDERS OF THE MUSCULO-SKELETAL SYSTEM in ATC,3.0
N01A,N01,"ANESTHETICS, GENERAL",3.0
N01B,N01,LOCAL ANESTHETICS,3.0
N02A,N02,OPIOID ANALGESICS,3.0
N02B,N02,OTHER ANALGESICS AND ANTIPYRETICS in ATC,3.0
N02C,N02,ANTIMIGRAINE PREPARATIONS,3.0
N03A,N03,ANTIEPILEPTICS,3.0
N04A,N04,ANTICHOLINERGIC AGENTS,3.0
N04B,N04,DOPAMINERGIC AGENTS,3.0
N04C,N04,OTHER ANTIPARKINSON DRUGS in ATC,3.0
N05A,N05,ANTIPSYCHOTICS,3.0
N05B,N05,ANXIOLYTICS,3.0
N05C,N05,HYPNOTICS AND SEDATIVES,3.0
N06A,N06,ANTIDEPRESSANTS,3.0
N06B,N06,"PSYCHOSTIMULANTS, AGENTS USED FOR ADHD AND NOOTROPICS",3.0
N06C,N06,PSYCHOLEPTICS AND PSYCHOANALEPTICS IN COMBINATION,3.0
N06D,N06,ANTI-DEMENTIA DRUGS,3.0
N07A,N07,PARASYMPATHOMIMETICS,3.0
N07B,N07,DRUGS USED IN ADDICTIVE DISORDERS,3.0
N07C,N07,ANTIVERTIGO PREPARATIONS,3.0
N07X,N07,OTHER NERVOUS SYSTEM DRUGS in ATC,3.0
P01A,P01,AGENTS AGAINST AMOEBIASIS AND OTHER PROTOZOAL DISEASES,3.0
P01B,P01,ANTIMALARIALS,3.0
P01C,P01,AGENTS AGAINST LEISHMANIASIS AND TRYPANOSOMIASIS,3.0
P02B,P02,ANTITREMATODALS,3.0
P02C,P02,ANTINEMATODAL AGENTS,3.0
P02D,P02,ANTICESTODALS,3.0
P03A,P03,"ECTOPARASITICIDES, INCL. SCABICIDES",3.0
P03B,P03,INSECTICIDES AND REPELLENTS,3.0
R01A,R01,DECONGESTANTS AND OTHER NASAL PREPARATIONS FOR TOPICAL USE,3.0
R01B,R01,NASAL DECONGESTANTS FOR SYSTEMIC USE,3.0
R02A,R02,THROAT PREPARATIONS,3.0
R03A,R03,"ADRENERGICS, INHALANTS",3.0
R03B,R03,"OTHER DRUGS FOR OBSTRUCTIVE AIRWAY DISEASES, INHALANTS in ATC",3.0
R03C,R03,ADRENERGICS FOR SYSTEMIC USE,3.0
R03D,R03,OTHER SYSTEMIC DRUGS FOR OBSTRUCTIVE AIRWAY DISEASES in ATC,3.0
R05C,R05,"EXPECTORANTS, EXCL. COMBINATIONS WITH COUGH SUPPRESSANTS",3.0
R05D,R05,"COUGH SUPPRESSANTS, EXCL. COMBINATIONS WITH EXPECTORANTS",3.0
R05F,R05,"COUGH SUPPRESSANTS AND EXPECTORANTS, COMBINATIONS",3.0
R05X,R05,OTHER COLD PREPARATIONS in ATC,3.0
R06A,R06,ANTIHISTAMINES FOR SYSTEMIC USE,3.0
R07A,R07,OTHER RESPIRATORY SYSTEM PRODUCTS in ATC,3.0
S01A,S01,ANTIINFECTIVE OPHTHALMOLOGICS,3.0
S01B,S01,"ANTIINFLAMMATORY AGENTS, OPHTHALMOLOGIC",3.0
S01C,S01,ANTIINFLAMMATORY AGENTS AND ANTIINFECTIVES IN COMBINATION,3.0
S01E,S01,ANTIGLAUCOMA PREPARATIONS AND MIOTICS,3.0
S01F,S01,MYDRIATICS AND CYCLOPLEGICS,3.0
S01G,S01,DECONGESTANTS AND ANTIALLERGICS,3.0
S01H,S01,"Local anesthetics, ophthalmologic",3.0
S01J,S01,"DIAGNOSTIC AGENTS, OPHTHAMOLOGIC",3.0
S01K,S01,"SURGICAL AIDS, OPHTHALMOLOGIC",3.0
S01L,S01,OCULAR VASCULAR DISORDER AGENTS,3.0
S01X,S01,OTHER OPHTHALMOLOGICALS IN ATC,3.0
S02A,S02,"ANTIINFECTIVE DRUGS, OTOLOGIC",3.0
S02B,S02,Corticosteroid otologicals,3.0
S02C,S02,"Corticosteroids and antiinfectives in combination, otologic",3.0
S02D,S02,OTHER OTOLOGICALS in ATC,3.0
S03A,S03,"ANTIINFECTIVES, OPHTHALMOLOGIC AND OTOLOGIC",3.0
S03B,S03,Corticosteroid ophthalmologic and otologic preparations,3.0
S03C,S03,"Corticosteroids and antiinfectives in combination, opthalmologic and otologic",3.0
S03D,S03,OTHER OPHTHALMOLOGICAL AND OTOLOGICAL PREPARATIONS in ATC,3.0
V01A,V01,ALLERGENS,3.0
V03A,V03,ALL OTHER THERAPEUTIC PRODUCTS,3.0
V04B,V04,URINE TEST DRUGS,3.0
V04C,V04,OTHER DIAGNOSTIC AGENTS in ATC,3.0
V06A,V06,DIET FORMULATIONS FOR TREATMENT OF OBESITY,3.0
V06B,V06,PROTEIN SUPPLEMENTS,3.0
V06C,V06,INFANT FORMULAS,3.0
V06D,V06,OTHER NUTRIENTS in ATC,3.0
V07A,V07,ALL OTHER NON-THERAPEUTIC PRODUCTS,3.0
V08A,V08,"X-RAY CONTRAST MEDIA, IODINATED",3.0
V08B,V08,"X-RAY CONTRAST MEDIA, NON-IODINATED",3.0
V08C,V08,MAGNETIC RESONANCE IMAGING CONTRAST MEDIA,3.0
V08D,V08,ULTRASOUND CONTRAST MEDIA,3.0
V09A,V09,CENTRAL NERVOUS SYSTEM DIAGNOSTIC RADIOPHARMACEUTICALS,3.0
V09B,V09,SKELETON DIAGNOSTIC RADIOPHARMACEUTICALS,3.0
V09C,V09,RENAL SYSTEM DIAGNOSTIC RADIOPHARMACEUTICALS,3.0
V09D,V09,HEPATIC AND RETICULO ENDOTHELIAL SYSTEM DIAGNOSTIC RADIOPHARMACEUTICALS,3.0
V09E,V09,RESPIRATORY SYSTEM DIAGNOSTIC RADIOPHARMACEUTICALS,3.0
V09F,V09,THYROID DIAGNOSTIC RADIOPHARMACEUTICALS,3.0
V09G,V09,CARDIOVASCULAR SYSTEM DIAGNOSTIC RADIOPHARMACEUTICALS,3.0
V09H,V09,INFLAMMATION AND INFECTION DETECTION,3.0
V09I,V09,TUMOUR DETECTION RADIOPHARMACEUTICALS,3.0
V09X,V09,OTHER DIAGNOSTIC RADIOPHARMACEUTICALS in ATC,3.0
V10A,V10,ANTIINFLAMMATORY THERAPEUTIC RADIOPHARMACEUTICALS,3.0
V10B,V10,PAIN PALLIATION (BONE SEEKING AGENTS),3.0
V10X,V10,OTHER THERAPEUTIC RADIOPHARMACEUTICALS in ATC,3.0
